ENODEB;SAIS_TYP;INTENSITE;2016S46;2016S47;2016S48;2016S49;2016S50;2016S51;2016S52;2017S01;2017S02;2017S03;2017S04;2017S05;2017S06;2017S07;2017S08;2017S09;2017S10;2017S11;2017S12;2017S13;2017S14;2017S15;2017S16;2017S17;2017S18;2017S19;2017S20;2017S21;2017S22;2017S23;2017S24;2017S25;2017S26;2017S27;2017S28;2017S29;2017S30;2017S31;2017S32;2017S33;2017S34;2017S35;2017S36;2017S37;2017S38;2017S39;2017S40;2017S41;2017S42;2017S43;2017S44;2017S45;2017S46;2017S47;2017S48;2017S49;2017S50;2017S51;2017S52;2018S01;2018S02;2018S03;2018S04;2018S05;2018S06;2018S07;2018S08;2018S09;2018S10;2018S11;2018S12;2018S13;2018S14;2018S15;2018S16;2018S17;2018S18;2018S19;2018S20;2018S21;2018S22;2018S23;2018S24;2018S25;2018S26;2018S27;2018S28;2018S29;2018S30;2018S31;2018S32;2018S33;2018S34;2018S35;2018S36;2018S37;2018S38;2018S39;2018S40;2018S41;2018S42;2018S43;2018S44;2018S45;2018S46;2018S47;2018S48;2018S49;2018S50;2018S51;2018S52;2019S01;2019S02;2019S03;2019S04;2019S05;2019S06;2019S07;2019S08
00000001V1;;;;;;;;;;;;;;;6.752143;5.243206;5.453917;6.141198;6.178421;5.25659;6.207385;6.154164;5.934734;5.993727;7.276841;8.723617;9.658063;7.385404;6.440074;7.945021;7.321008;7.944323;7.580584;6.983795;8.637104;8.417862;9.769814;9.429024;10.746064;10.750867;10.631226;10.78594;11.669872;12.624887;12.245429;11.054183;10.824869;10.475467;7.652089;11.046575;8.287298;10.180333;7.874582;11.487264;9.697357;9.536142;9.129965;10.860249;9.015873;12.366147;12.889155;9.278496;9.010395;10.069655;11.598306;10.755752;12.191999;11.556598;13.506713;10.344962;13.328867;11.967065;18.028131;11.555287;11.188269;11.82649;9.853308;12.158186;14.73578;14.163791;12.233371;10.742693;13.324582;13.429592;14.620301;12.455264;10.267374;13.159669;12.114349;11.825958;14.786436;16.808671;15.725337;16.472406;11.477132;14.96873;10.870703;18.735642;13.561085;11.161904;11.814711;12.60698;15.297234;14.395984;15.923871;13.943928;11.477481;7.985148;13.972285;13.087556;14.956649;16.27124;9.366768;11.420967;10.113246;11.489788;10.54442;10.171578;13.756716;11.837367;12.7013
00000002H1;;;;1.79382;1.9443;2.754689;2.72224;3.401776;3.323454;2.31033;2.927992;2.484908;2.503343;2.042249;3.237732;3.597271;3.240657;2.726517;2.637478;2.696765;2.26007;3.48562;3.313262;4.317114;3.660645;4.02569;4.469602;3.506493;3.9155;4.655761;5.36481;4.036687;5.095499;5.107109;4.560645;5.46635;5.58167;5.372888;6.131978;5.589664;5.42674;5.345852;5.358048;5.608174;4.534035;4.535854;3.763836;4.392278;5.870216;3.723764;4.24562;4.914781;5.626208;4.507029;4.035885;4.724864;4.843652;4.863371;4.479165;3.911646;4.091244;3.397524;3.182863;2.698149;3.17265;2.784674;2.738142;3.959364;3.120079;3.077992;3.055614;3.554263;2.814882;3.209955;3.026492;2.801792;3.776127;3.018344;3.770476;3.581073;3.612439;3.955813;3.197455;3.790252;3.853789;3.878821;5.025281;4.782296;4.840645;4.995403;4.543664;4.614871;4.681488;4.874707;4.808708;4.309824;3.516104;3.782675;3.539161;3.563331;3.140433;3.203443;3.350942;3.485219;3.978334;3.215682;3.775055;4.595949;3.34846;3.323529;4.445123;3.730958;3.284325;6.024878;2.987183;3.359633;3.038262;3.100159;4.313931;3.504806;3.28654
00000005H7;;;1.916409;2.071822;1.919542;1.85565;2.028585;1.78871;1.749382;1.747307;1.861755;2.014465;2.152346;2.048933;2.00214;1.947808;1.975647;1.899706;2.11099;2.21511;2.082668;2.228488;2.267546;2.405479;2.365139;2.2881;2.758078;2.78299;2.681745;2.451465;2.531722;2.528252;2.569818;2.519231;2.432327;2.467461;2.599984;2.668253;2.866704;3.438542;3.000312;3.581825;3.557329;3.190401;3.096973;3.061333;3.012505;3.585103;3.252434;3.614376;3.4305;3.415482;4.709329;3.774417;3.663174;4.052498;3.681417;3.656798;3.976218;4.477258;3.703833;4.172758;4.327761;4.22964;4.528324;4.789482;4.705664;4.45057;5.003291;4.387619;3.918598;5.029457;4.935114;4.236026;4.951863;4.363073;4.255269;4.002352;4.286415;3.456217;3.961552;4.703048;4.620728;4.431589;4.911159;4.262132;5.838482;4.800772;4.77751;4.502543;4.995974;4.636812;5.216634;6.515832;3.883456;4.159251;5.087327;5.801462;4.539289;5.818073;4.107949;4.41797;5.893172;5.629243;4.534683;4.640714;4.664139;4.988247;5.437065;5.348033;5.190081;6.402111;5.768449;4.805781;4.778304;5.07941;4.696844;5.687043;4.74294;5.127141;5.026599
00000005J5;;;;;;;;;;;;;;;;;;;;;;;;;;;;;;;;;8.063764;8.995921;9.738079;10.247367;9.961115;11.387195;11.092608;11.295916;11.073436;11.206248;10.425663;8.604873;9.409562;;;5.611383;8.039473;7.5182;6.171878;5.881366;6.520059;5.068253;5.6278;4.88724;5.870793;6.25404;8.67214;7.374469;5.151719;5.026023;5.607292;6.318892;5.871682;5.448489;8.442279;12.248678;8.406009;8.20053;9.236078;8.306514;7.883026;11.9937;11.120291;12.699811;14.164728;12.85249;14.003098;13.146282;9.16763;10.645946;12.386485;10.719603;12.073205;15.108305;12.619452;15.077372;15.794087;15.909073;16.171607;15.614531;17.197565;16.825511;15.303933;15.341999;15.532464;14.704707;11.624426;9.865734;7.102564;11.011755;12.633382;8.342466;11.138356;7.447183;12.100866;11.480817;6.718759;7.737438;9.15409;7.791367;7.803846;7.601392;8.597711;9.016835;8.136528;10.252555;9.18705;14.408603;11.842681
00000006J5;;;;;;;;;;;;;;;;;;;;;;;;;;;;;;;;;;;;;;;;;;;;;;;;;;;;;;;;;;;;;;;;;;;;;;;;;;;;3.83724;3.717436;3.447321;4.127477;3.922011;4.1181;3.934923;4.491774;4.278234;4.508847;4.120602;4.582806;4.101011;3.860969;4.58677;4.517039;4.510063;4.682554;4.948652;4.593975;4.356426;4.343442;4.625051;4.161969;4.288796;4.346362;5.308413;4.127158;4.156336;4.479188;3.88455;3.871105;4.125841;4.84552;4.153837;4.648264;4.12719;4.752842;4.248318;4.21936;4.313291;4.824997;4.830608;4.426187;4.561049;5.724184
00000006V1;;;;;;;;;;;;;;;;;;;;;;;;;;;;;;;;;;1.658308;1.521171;2.12155;2.251036;2.649647;2.622204;2.561699;2.047721;2.947995;2.096173;1.910597;2.263877;1.763487;2.114926;1.75739;4.703768;3.265518;3.758091;3.306146;4.050373;4.809135;3.40361;3.56093;4.097919;4.127387;3.911398;3.543208;4.028988;3.362806;2.859428;3.557602;5.158819;4.95925;4.703729;4.532537;3.848938;4.030455;4.119284;4.370989;4.863174;4.453857;4.237796;4.141339;4.281494;3.270114;4.214647;5.056174;4.336137;5.924562;3.981309;4.363212;4.12819;5.315554;4.501528;4.689667;4.805659;5.152919;5.103505;4.584026;4.933974;5.277691;5.900346;4.223868;4.041818;4.641231;4.201139;4.024763;4.178053;4.185422;3.671484;4.209674;4.615308;4.434025;4.146595;4.742974;3.890512;4.90518;4.824191;5.710217;5.191114;4.698145;5.046122;4.142035;3.719122;5.775476;5.301809;6.610733;4.681248
00000007H1;;;2.813937;1.984914;1.942571;2.104397;2.740638;2.633091;2.892509;2.27991;2.687612;2.415358;2.410278;2.301714;2.769716;2.618042;2.465049;2.48378;2.761357;2.970743;2.714664;2.54604;2.521698;2.864591;2.844492;2.683879;2.752018;2.649911;2.745557;2.306426;2.848956;3.575345;3.235621;3.335756;3.231022;2.822807;3.254671;3.449992;3.171045;3.074543;2.791719;3.209393;3.723344;3.611976;3.583523;3.596579;3.628848;3.25562;2.741972;3.344008;3.676589;3.386784;3.319957;3.982658;3.109549;3.57873;3.726033;3.202315;3.594654;3.21877;4.031457;4.109422;3.79291;3.755407;4.391138;3.981132;4.361858;3.778665;3.45903;5.520745;3.922718;4.169036;4.293184;3.931345;4.564492;4.167935;4.612603;4.134358;4.390649;4.152061;4.536261;4.461584;4.211522;4.672025;4.675824;4.642618;5.70399;5.093485;3.915633;4.649253;4.222649;4.334546;4.331645;4.835566;5.677093;5.388526;5.593629;4.798117;5.254856;5.003748;5.034116;5.337043;6.068201;5.477316;5.022989;5.436132;6.105189;4.930307;5.081102;5.556528;5.920083;5.467196;6.537204;5.822754;7.585188;6.953396;6.235793;5.578519;6.015669;5.815156;6.481847
00000007H7;;;1.935853;2.028157;1.924271;1.976207;2.137341;2.02502;2.039009;1.986269;1.519784;1.358207;2.377049;2.383427;2.852521;2.318581;2.995578;2.15911;2.626749;2.396482;2.587004;2.430824;2.851758;3.604182;3.292718;3.005683;3.519498;2.971215;2.975465;3.663096;3.544154;3.17053;3.14233;3.055203;3.300927;3.676502;3.792849;3.702199;3.920197;4.302246;4.952064;4.320243;4.22498;4.687071;3.945037;4.33447;4.224705;4.266152;5.568157;3.798733;4.155009;4.125309;5.02417;4.396738;4.813656;4.306885;4.544092;4.90561;4.075824;4.762493;4.80342;4.524748;3.945555;4.75833;4.988404;4.461214;5.195404;5.151337;5.353594;4.895825;4.477797;6.209754;5.349424;4.818206;5.878067;6.535133;5.461256;5.62653;5.345658;4.858858;5.588534;5.22318;6.515869;5.855391;7.2604;5.952126;8.540791;6.771039;7.636608;7.168194;7.483925;7.897673;6.032215;7.354484;6.255251;7.422836;6.175673;6.220632;5.983855;6.987663;6.175568;10.491468;7.575643;7.213683;8.493541;6.990968;8.033962;6.605399;7.445321;8.386252;7.449744;9.641926;9.29477;8.571878;7.482498;8.60913;7.685207;7.561574;8.862259;8.210411;7.891314
00000007J4;;;;;;;;;;;;;;;;;;;;;;;;;;;;;;;;;;;;;;;;;;;;;;;;;;;;;;;;;;;;;;0.6231414;0.6841789;0.8480227;0.8097189;1.0037893;1.2430307;1.2953752;3.1692813;2.8902084;2.5578369;3.291446;3.0589181;2.7962269;2.9470289;2.9248892;3.4653683;2.4813503;3.2298913;3.1771968;3.2869239;3.1730968;3.2550956;3.6418767;3.2170606;3.3583466;3.262892;3.4410294;3.7351731;3.0158285;3.3458212;3.3292447;4.1401764;3.5388613;3.7664431;3.2215753;4.1432756;3.7623267;3.4204385;3.6045294;3.7145731;3.8411269;3.6910465;3.2821179;3.0382226;3.661104;3.5868527;3.5720467;3.9978607;3.6816076;4.0379711;3.6867896;3.3829628;3.437104;3.3009618;4.0807546;3.184224;3.1471319;1.6826396;4.1520445;3.4461784
00000007V1;;;1.4143266;1.4151504;1.3959968;1.3041352;1.4793305;1.5548396;1.6558822;1.5222596;1.7462395;1.5817929;1.5464071;1.5490171;1.7597109;1.4751252;1.5713529;1.5509777;0.1666587;1.8928051;1.815844;2.028572;2.0434864;2.09726;2.2701355;2.3736735;2.2292014;2.2067934;2.2553443;3.7926979;3.1924518;3.662327;3.8982137;3.8754379;4.0685476;4.08371;4.7104582;5.117403;5.1963028;5.0113867;5.0321164;5.1141731;5.155493;4.6398329;4.6577591;5.2635605;4.4800522;3.8386594;3.7299842;3.5672893;3.5457447;3.6071863;3.5638823;3.1953836;3.4837729;3.0407837;3.0556254;3.2399201;3.1857746;3.9301536;5.3801071;3.9998797;3.5128721;3.864762;3.5994714;3.2287391;3.3549669;3.9438222;4.2204972;4.0112845;3.3841729;3.8946413;4.6509276;3.5529426;4.1860649;4.3397359;4.6942604;4.5725041;5.6139488;4.9304643;4.5678988;5.2104105;5.3505553;5.576789;5.2103289;5.1700052;5.5693679;6.0580526;6.3799755;5.8560067;6.6568042;6.1876932;6.2090035;6.0027889;6.7065655;6.0987744;5.1385609;5.1223083;5.0138957;6.6558343;5.765086;4.1366188;5.5580998;5.4283814;5.7741099;4.2011626;3.9250002;4.3939077;4.2289932;7.152706;3.7147825;4.5589323;5.2863549;4.4271162;4.4980082;4.5347135;4.4193019;6.5461618;4.6395863;4.3103613;6.6882946
00000008H1;;;0.6404114;1.3219799;0.4553229;1.1206994;1.3938811;2.7463483;3.8243535;1.2647693;1.061494;1.8241756;2.0404872;2.5599252;3.0682455;4.2131942;3.8792637;2.6099067;1.8308001;1.8742909;1.03395;1.2982267;1.34783;2.2617055;1.0865807;0.9872858;1.1600694;1.1664018;1.4925271;1.3980966;1.3763395;0.9525012;1.3881894;1.4445768;2.2372618;1.2444252;1.8243574;2.1843876;2.5258048;2.5910083;2.7722209;2.2889224;2.1247514;1.5241549;1.4294484;1.2154194;2.934935;2.8987302;0.9375122;0.9648768;1.0816596;1.2002171;1.7146939;1.1165304;1.4520284;3.4210166;4.0050184;4.0043054;4.3999977;5.9859727;7.8242642;7.2952507;5.2343265;5.7327073;6.4473638;6.5803907;7.087146;8.840695;10.0253955;10.4266711;10.0129293;6.5875451;6.9187779;7.2172216;4.6436385;5.2416755;4.1113295;4.6302213;4.9925071;3.7038336;3.8687316;3.5933686;3.5895388;3.3410609;3.5234783;3.6133686;4.7751473;4.8157169;5.890558;5.47426;6.2373353;6.5635996;7.929929;6.8704128;6.5549499;4.8230536;4.6744573;3.8377861;4.2060329;4.4296919;4.8834035;4.2748244;4.1387177;4.8873764;5.2263201;5.5437778;5.2304015;5.313854;4.3569841;4.3248602;4.8512095;7.5732155;8.9143301;8.3463409;6.9369958;7.5167524;7.4157399;8.0165519;8.8915635;9.7424471;8.3911055
00000008H7;;;;;;;;;;;;;;;;;;;1.593395;1.801259;1.800582;1.726335;1.827507;2.347187;1.917;3.987915;4.25113;4.194403;4.218676;4.041243;4.422324;3.904136;4.360864;4.07803;4.720806;4.722313;4.631796;4.801225;4.917337;5.481818;6.534714;5.53339;5.527583;6.186057;5.537895;5.816081;5.811202;6.278366;5.940098;5.822218;5.781788;6.236524;5.789153;6.128398;6.94153;6.345725;6.307464;6.60901;7.305036;6.270834;7.129835;6.763347;6.276206;6.572757;6.177042;6.290004;6.508604;7.58539;7.186975;7.379732;6.748154;7.765518;7.394561;6.867356;7.514712;7.497395;7.618314;7.013835;8.209706;7.437253;7.267939;7.433038;7.081218;6.854923;7.142907;7.691448;8.631988;9.175875;8.877081;8.915066;8.844729;7.932911;8.391689;8.31702;7.49247;10.530613;8.045318;8.496922;8.077651;8.238886;7.815806;9.460085;8.545446;7.923409;8.256951;8.689092;8.119408;9.372926;8.120688;8.412471;9.163782;9.213547;9.279217;9.199833;7.886836;9.098882;8.37699;8.805325;9.26496;9.397948;8.490858
00000008V1;;;1.061752;1.133794;1.215828;1.061069;1.052005;1.198208;1.156711;1.082749;1.192147;1.133611;1.220383;1.294412;1.291377;1.154126;1.225211;1.435956;1.353628;1.167311;1.289231;1.24881;1.234682;1.441122;1.46374;1.422055;1.274888;1.213082;1.450831;1.23679;1.338335;1.394568;1.342155;1.318135;1.318988;1.379554;1.442904;1.365136;1.965329;1.370842;1.356222;1.342982;1.390713;1.527019;1.26127;1.447184;1.396829;1.529134;1.464297;1.543535;1.458677;2.153708;1.610221;1.399202;1.70539;1.470675;1.428589;1.463557;1.544023;1.646906;1.386035;1.485715;1.318732;1.436132;1.378266;1.447132;1.869108;1.35639;1.471766;1.293446;1.461874;1.252785;1.364304;1.43146;1.304522;1.403144;1.266843;1.34617;1.36852;1.311842;1.261258;1.343533;1.419405;1.374724;1.361062;1.319713;1.200406;1.276406;1.350106;1.239084;1.375857;1.320647;1.365343;1.256772;1.165319;1.240526;1.384082;1.172683;1.244984;3.03083;4.390758;3.579965;3.393977;3.987328;3.718522;3.863447;3.917346;3.452257;3.605398;4.490946;3.2822;2.716424;3.557068;3.733421;3.835919;3.635831;3.682718;4.252187;4.487908;4.496716;4.976437
00000009H7;;;1.911533;1.769746;1.836775;1.803478;1.703526;2.12672;1.80877;2.038919;1.861038;2.117793;1.864551;1.982653;2.016676;2.330511;2.128874;1.989588;2.147231;2.18546;2.178726;2.21179;2.267066;2.379775;2.26197;2.637957;2.574895;2.497443;2.694726;2.427105;2.342626;2.55224;2.228065;2.373757;2.590028;2.411452;2.371063;2.628645;2.701663;2.538231;2.578516;2.394855;2.345549;2.603915;2.453903;2.497732;2.170231;2.730542;2.812749;2.366862;2.706085;2.672965;2.395972;2.590629;2.429004;2.516106;3.008929;2.486211;2.461623;2.437151;2.338289;2.483325;2.612888;2.619868;2.680097;2.632582;3.488621;2.594678;2.705451;3.024241;2.732173;2.551558;2.917601;3.302567;2.719395;2.342722;2.249564;2.675801;2.697036;2.526346;2.947675;2.568706;2.832618;2.4994;3.103676;2.544707;2.898984;2.724631;2.788485;2.451175;4.004373;3.746433;4.628313;4.91821;4.540513;3.938703;4.704182;4.456856;4.135848;4.914072;4.017867;4.575296;4.428941;5.517575;3.972748;3.860962;4.910603;4.564847;4.164448;4.955061;4.92354;4.788513;6.333136;4.565884;5.469958;6.226103;5.812425;4.871434;5.189504;6.580288;4.930584
00000009J4;;;;;;;;;;;;;;;;;;;;;;;;;;;;;;;;;;;;;;;;;;;;;;;;;;;;;;;;;;;;;;;;;;;3.628168;2.709223;2.783277;1.892091;2.461429;3.126089;2.729907;3.077505;2.992019;3.584906;3.565957;2.349173;2.263517;3.349323;3.379059;3.033161;2.743465;3.129633;2.792324;2.922127;2.347607;2.684139;2.510329;3.225986;2.337527;2.552586;;1.876148;3.686188;3.214927;3.207221;4.06645;3.989362;2.89457;3.509926;3.600036;3.946606;3.167605;3.939243;3.335036;4.269237;3.46836;3.488565;4.213964;4.072848;3.898498;3.840303;3.536933;4.370856;4.35564;5.121972;5.001634;3.837848;3.891798;3.978636
00000009V1;;;;;;;;;;;;;;;;;;;;;;;;;;;;;;;;;;;;;;;;;;;;;;;;;;;;;;;;;;;;;;;;;;;;;;;;;;;;;;;;;;;;;;;;;;2.4955607;2.42033766;3.06089728;7.24424166;6.69454362;5.84854451;3.7968215;2.82823091;3.1180311;3.53148032;2.74359219;2.18187827;4.7306944;1.56218112;2.50311552;1.47185357;1.8299287;2.28488704;1.66091981;2.13065677;1.3527575;2.1295529;1.13051981;0.98075213;1.11841306;2.2302825;1.54673126;2.27987226;1.23620275;2.55594214;2.02590438;1.85463808
00000010H1;;;;;;;;;;;;;;;1.097986;1.581595;1.4263086;1.3500776;1.0801655;0.9064244;0.8021886;0.8362495;0.7936831;1.5725978;0.7804642;0.9579733;0.972895;0.6997594;0.7653414;0.9296704;1.0001253;0.8326624;0.9763354;1.0386738;1.1229409;1.2364072;1.3896001;1.5373155;1.6959818;1.5286143;1.56572;1.4790637;1.4908882;1.3859565;0.9571103;0.87818;0.9798399;1.1301592;0.9340381;1.0369238;0.7341576;0.6136353;1.1095408;0.6660856;0.7086154;0.6174839;0.7798291;1.017832;1.2573617;0.8987624;1.120136;0.9591191;1.1901592;1.1997598;1.0194835;1.0077744;1.0426771;1.5019934;1.4870698;1.6372865;1.5310283;1.5951576;1.2174229;1.448198;1.7248796;1.8844748;1.547601;1.7825246;1.4772925;1.7040865;2.5694054;1.261622;1.8524353;2.6369101;2.9280001;3.3325839;3.5319976;3.7208476;3.4870632;3.3061474;4.6891209;3.0912531;4.9979234;3.9659054;4.1268481;5.5610786;2.9473686;2.5482579;2.5325731;2.6478044;2.4991488;2.6007638;2.3515886;2.8415176;2.6782574;2.3589898;2.6673224;2.4887151;2.6707536;3.1334389;3.141215;3.5151453;5.1908897;5.5451775;3.2060347;2.9308805;2.9426446;3.3807905;3.9756475;5.0113387;5.1636632
00000010J4;;;;;;;;;;;0.6141619;0.8707937;0.800098;1.0593282;1.1769672;1.4579181;1.1066015;0.848336;0.6823741;0.6685252;0.6183631;0.8912188;0.963554;1.0057363;1.2047805;1.2561777;1.0498109;1.0940491;1.1548329;1.8010573;;;1.4616373;1.9539685;2.0735606;2.268162;2.154445;2.098027;2.0366218;1.9960037;2.1059321;2.1790875;2.1363755;2.1403242;1.7110893;1.7158439;1.5759604;1.4458278;1.7871072;2.065053;1.4693552;2.0882971;1.6996601;0.8677482;;1.0123414;1.7320318;1.1886147;1.5642781;1.0271507;1.3228884;;;1.2079852;1.2283313;1.2789574;1.2402212;1.6187749;1.6706394;1.6824071;1.0766152;1.2592932;1.3189886;1.1374408;1.2420149;1.2810336;1.6446921;1.9150249;1.8589508;2.0566275;2.0738488;1.8039083;2.069782;1.7805329;2.1785069;1.6829208;3.5311631;3.9383733;4.0472595;4.1152577;4.5886589;4.3623089;4.0612145;4.1199862;3.9354807;5.3004496;2.4987298;2.3673605;1.8315136;2.3868271;3.2641256;2.7761725;1.702464;2.507732;1.8231938;2.3335173;1.815859;1.8675072;1.7344666;2.075087;1.780294;1.8821366;3.4428517;2.5997863;2.0748904;2.5763226;2.4540221;2.4912005;2.3509398;3.5692204;4.2610649
00000010V1;;;1.093559;1.288861;1.287687;1.718633;1.679053;1.737058;1.65095;1.86074;1.60728;1.819003;1.768556;1.798674;1.615666;1.69492;1.88593;1.892467;2.712541;2.484023;2.436903;3.136361;4.091871;4.267308;4.536617;4.114508;4.188716;4.286719;4.238151;4.953303;4.542932;4.59955;5.037753;5.289946;5.128543;5.341043;5.455497;5.607522;5.578875;5.405542;5.395639;5.754764;5.788965;5.374417;5.555975;5.579923;5.800262;5.261877;4.858725;4.066591;4.149764;4.489228;4.150663;3.009429;2.577303;2.860157;2.621508;2.705975;2.588128;2.599666;3.220712;3.888412;3.209118;2.828662;2.971056;3.333995;3.388898;3.759437;3.182752;3.389582;3.509045;3.544579;3.667543;3.980517;4.139883;4.734066;4.661797;4.899792;5.640457;5.879238;5.161874;5.31885;5.591217;5.477856;6.628879;6.830684;6.434602;7.027021;7.678175;7.52053;7.185158;7.158037;7.304704;7.158557;7.076336;10.129503;8.193124;8.798109;7.707504;6.651955;6.535705;6.368471;5.582096;6.35843;5.951899;4.169606;4.629226;4.042452;3.94238;4.205622;3.993236;4.736942;4.36448;4.688318;4.313784;4.349863;4.490121;4.336917;3.848086;4.114098;4.323851
00000011H7;;;2.712117;2.964968;2.604447;2.592986;2.680889;2.625765;2.707601;2.636683;2.644581;2.64018;2.789709;2.681003;2.769865;2.674579;2.853683;2.872604;2.988436;3.146736;2.905592;3.046397;3.06528;3.157765;2.80842;2.99437;3.064825;3.062855;2.993154;2.957218;2.896721;3.348628;2.933296;2.836233;3.192017;3.048616;3.523473;2.925007;3.089828;3.061707;3.069956;3.288936;3.222347;3.16148;3.377415;3.482311;3.384029;3.053208;3.029277;3.140019;3.487549;3.024916;2.899155;3.119521;3.021624;3.21184;3.003058;3.113221;3.58188;3.131151;2.921516;3.15993;3.307562;3.094613;3.40872;3.109004;3.05645;2.747374;2.882747;3.219464;3.448657;3.414749;3.721052;3.159314;3.257265;3.364799;2.930847;3.106268;3.176669;3.027441;3.165773;3.279688;3.101604;3.077968;3.097193;2.937143;2.950124;4.37145;4.850974;4.744439;4.648122;4.541663;5.581091;4.96789;4.833058;5.217654;4.888223;6.16853;5.39891;4.790626;5.701816;5.738225;5.265507;5.121098;5.242024;5.702307;5.794548;5.032741;5.218085;6.064672;5.006388;4.799376;5.636057;5.375627;6.274825;5.764977;5.889371;6.372277;5.877401;5.589424;4.790668
00000011J4;;;;;;;;;;;;;;;;;;;;;;;;;;;;;;;;;;;;;;;;;;;4.263746;3.614741;3.846994;3.646683;3.696412;3.672806;3.122366;3.257112;3.268642;4.321415;3.161072;3.104666;3.2316;3.070682;3.854877;4.637954;4.231222;4.518119;6.074705;5.045465;3.413467;3.814847;3.601318;4.270406;4.746302;4.4135;4.745649;5.513555;4.917744;4.216922;3.657674;3.914168;3.471731;4.7518;3.877021;3.486121;4.713775;4.343991;4.267323;4.049453;4.42522;4.728379;5.218937;4.688404;5.432527;7.051782;7.500676;6.903916;7.906365;7.795522;8.565994;7.825071;7.47605;6.366447;4.916289;5.197716;4.46768;4.416369;4.401127;4.196796;4.031607;4.584427;4.720128;4.965636;5.706809;4.42834;4.615374;4.848601;6.240354;5.548553;9.548702;7.083931;5.634872;5.394459;5.598053;7.106628;7.086463;7.844803;7.303523
00000011J5;;;;0.1272384;0.7109984;0.4082518;0.3418071;0.624841;0.4365293;0.3222586;0.5187334;0.4826294;0.5607407;0.4722109;0.3915427;0.6107159;0.3901686;0.5268627;0.4291918;0.4405814;0.4093138;0.6715726;1.0477166;1.8634557;1.887785;1.0481633;1.1276957;0.8693964;1.0438844;2.0597266;1.8149642;1.2037702;1.2338502;1.7588146;2.0186948;2.3376387;2.8238074;2.5578479;2.8976086;2.8611949;3.1288278;3.2218793;2.9000001;2.2159715;2.046468;2.0133669;1.5859924;1.1622547;1.1493064;1.0113761;0.8084357;1.5348763;1.7752547;0.6552521;1.0537021;0.5121245;0.5825375;0.635968;0.8192499;0.8659868;1.0966564;1.0256475;0.6300975;0.7336748;0.7338303;0.5950353;0.885202;0.8349846;0.7017797;1.5039813;0.856665;0.6330734;0.5733315;0.7158578;1.2304596;1.9393857;2.6113212;;3.4445271;3.4511288;2.3850597;1.7462391;1.9238243;2.2944102;5.4743205;5.5912392;6.9847142;7.028388;8.7702003;6.2355086;9.5052631;9.5890876;9.6246003;9.6863743;9.5007767;10.434362;6.4616173;5.1160302;5.6242235;5.3751814;4.4542746;3.7293592;3.0271471;4.8648205;4.6021979;2.3798785;2.6138362;1.9925426;1.4684301;1.8453412;1.7715293;1.9515994;3.7745897;2.7130371;2.0019236;1.7708957;1.473177;1.5009202;1.9445737;2.1752611;2.1745802
00000011V1;;;;;;;;;;;;;;;;;;;;;;;;;;;;;;;;;;;;;;;;;;;;;;;;;;;;;;;;;;;;;;;;;1.0800507;1.5587343;0.716286;1.0900869;1.652929;1.3134039;1.0159104;2.9114757;1.8922665;1.2199706;1.3407729;1.4539715;1.2330624;1.572543;1.9086469;1.7001196;2.4992353;2.5258235;2.9014482;2.5495424;4.4341422;3.7334676;5.4115579;4.5899694;8.3873777;6.2419533;6.2323364;9.7507763;9.2145014;8.8188022;8.6485289;5.8201615;3.8983864;3.9977231;4.0925932;3.5107405;2.4235884;2.1619067;3.1823775;2.377216;2.1135954;1.7187538;1.4502595;2.2458747;1.3532785;3.0144819;1.9292262;3.0164582;1.8644485;1.4005274;1.9901204;3.5869251;1.9548196;2.5904691;1.4895718;0.4835564;0.3163249
00000012H1;;;2.301464;2.297628;2.106786;2.16084;2.280206;2.01062;2.084221;2.225982;2.319646;2.350342;2.308985;2.145371;2.496171;2.568752;2.174252;2.414935;2.615627;2.634105;2.257054;2.484821;2.489095;2.908374;2.822949;2.428877;3.181108;2.608397;2.824129;2.527603;2.549742;2.584186;2.235605;2.498673;2.867652;2.785222;2.553883;2.762488;2.795072;2.865069;3.680977;3.381041;3.094924;3.146477;2.974243;3.162157;3.511885;4.112828;4.184363;3.929839;3.458991;3.115372;3.242069;3.062959;3.281227;3.956627;3.928947;3.712095;3.33805;4.45799;4.231807;3.928241;4.368992;3.547051;3.459765;3.703034;3.594938;4.195329;3.817199;3.760206;4.047558;4.055638;4.004117;4.525573;4.365444;4.50806;3.553978;3.845258;4.750871;4.535486;5.363968;5.355119;5.199572;4.26169;5.722016;4.97095;5.683077;5.064658;5.222665;4.231311;4.025115;5.083589;4.870435;4.738704;5.294439;5.55427;5.295099;6.004099;5.710659;5.570726;5.402451;5.654491;5.27383;5.645775;5.33395;5.877026;5.504989;5.427886;6.097865;7.315292;7.504905;5.895374;6.393741;6.013538;6.297137;6.806192;5.973223;7.464896;6.909405;6.840748;6.140715
00000012H7;;;;;;;;;;;;;;;;;;;;;;;;;;;;;;;;;;;;;;;;;;;;;;;;;;;;;;;;0.7311611;0.7960004;2.5655192;2.1978522;1.7831547;2.2328714;2.4229434;2.0770345;1.79668;1.6172938;1.9224684;2.0272915;2.3797922;1.9324484;2.5149065;1.9037705;2.1007155;2.0269017;2.2602011;2.3003203;2.8794269;1.8802157;2.0549772;2.415572;3.0959271;2.5984669;2.0113352;2.5682403;3.5029897;2.7459659;2.8648745;2.5544356;5.7880158;3.5504265;4.2149135;3.1750712;3.5407514;3.9756421;3.9289689;3.9620763;2.8768048;4.0184421;3.0211601;2.8249911;3.0194912;3.0285725;2.4923078;2.8835084;3.1027608;2.6187959;2.7796205;3.000824;2.3618295;3.1734101;3.4768973;2.9006455;4.3385738;3.7564648;3.0018666;3.7442765;3.2812998;3.3078316;3.9573202;6.6776972;2.8945376;3.559515
00000012J5;;;0.6950525;0.8271875;1.0491544;1.1965479;0.9277169;1.0997176;0.9488705;1.4735884;1.0568527;0.8120675;0.7978103;0.8244533;1.1518624;1.0541783;1.4155018;1.1850982;1.2610208;1.2574218;1.7999449;1.2667445;2.3709751;3.6845276;2.3435675;2.4848918;2.34777;2.03373;2.5829878;3.3967493;3.1769684;3.4352131;2.6427175;2.8617445;3.3136592;3.7583749;5.2253723;5.1187081;5.0057086;5.5659278;6.2177772;6.4424508;6.1280391;3.9589907;4.4661111;3.3188489;2.9210286;3.0680994;3.4208592;2.136193;4.108546;3.483519;4.1296768;2.3879088;1.9507258;1.9419349;1.6518975;1.7790068;1.7403993;1.7798485;2.3758845;2.9428785;1.7521792;1.648265;1.6135496;1.8300008;1.2822243;2.1613624;2.1156277;1.7817578;2.0797819;1.8505682;1.623916;2.028116;1.9411337;1.9025877;2.6286345;2.7221011;3.5392778;3.7811139;2.7896151;3.1431248;3.2544662;3.779939;3.9618801;4.4561664;4.3666879;5.2543379;6.6138709;6.7189818;6.6130125;6.4387801;7.5141664;6.2810639;5.2221566;4.7836925;4.0549395;5.299841;4.3729787;5.4101705;5.613214;4.0177091;3.6457271;4.6161091;4.5035006;3.6562708;4.7481737;3.9841516;2.8695904;3.4347481;2.6511136;3.4981552;3.9666317;3.9222888;3.1262444;2.9964581;3.1725717;3.6549937;4.4305072;4.1051666;6.3949073
00000013J5;;;1.060617;1.180593;1.038186;1.149065;1.187005;1.532903;1.869497;1.303736;1.343697;1.370957;1.446207;1.074214;1.330028;1.43462;1.663195;1.595611;1.299986;1.31856;1.429018;1.510677;3.542659;3.393647;2.751682;2.692811;2.204807;2.338491;2.15613;4.662986;2.963793;3.295702;2.436851;3.302679;4.201675;4.768054;5.834983;6.055653;6.0032;6.201926;6.567068;6.220376;6.523512;5.699543;3.993146;3.572687;3.041941;3.656107;2.453489;2.634663;2.785356;3.184291;3.296568;2.00997;2.173455;2.117345;2.213883;2.394469;2.503675;1.568757;2.400333;2.221644;1.640105;1.767123;1.97209;1.868219;2.111243;2.243991;3.198791;2.099911;2.587181;2.974416;3.604116;3.813814;3.682967;5.997889;5.317235;5.2575;6.764809;8.488465;6.606815;4.848794;4.951879;4.940164;6.330954;6.279338;8.389302;8.034254;8.765965;10.05289;10.107006;11.094095;10.756142;10.61112;11.131685;10.283102;6.655357;6.111703;6.189438;6.673832;5.020038;5.420945;6.026553;5.831076;5.086872;3.042027;3.743057;2.90708;2.602351;3.67448;3.141068;3.112761;4.529971;3.097411;2.256239;3.279597;3.794356;3.520325;3.460733;4.941073;4.445826
00000014H7;;;;;;;;;;;;;;;;0.7213155;0.7593426;0.8627566;0.8782751;0.8563319;0.8399437;0.9597988;0.9339136;1.106196;1.0178371;2.2220648;2.5701585;2.1404378;2.2235316;2.4420113;2.4133538;2.1394425;1.9647057;2.0935737;2.3380606;2.3309214;2.2980861;2.2781136;2.6407276;3.0459816;3.0676547;2.6468675;2.5551016;2.4307792;2.7635018;2.8126506;2.915154;3.0722587;2.6514996;3.0460157;2.7346773;3.2077676;3.6631931;3.636453;3.2922241;2.9818858;3.9397903;4.2282367;3.2019025;3.7150101;3.6376315;3.1228342;3.6456272;4.2170921;3.4909105;3.5549096;3.4849365;3.4477289;3.1084624;4.2141447;3.6102555;4.1397916;3.8703673;4.3010884;4.2698985;4.2583628;3.2477228;3.6535238;3.7047367;3.5670333;4.2545979;4.5731346;4.6615191;4.3352808;4.6602337;4.30144;4.5118652;4.7522468;5.0405652;5.3052876;4.4886637;4.7774411;4.4858317;4.2902607;4.6655245;3.8905362;4.3851583;4.0512799;3.9533702;4.6520568;4.0193224;5.0306029;4.1928104;5.4089452;4.4496938;4.4316545;4.2014792;5.0303663;4.6661575;4.2470003;4.8480031;4.3107152;3.7698825;3.6811924;3.8573;5.2160141;4.3579602;4.9192991;4.6016746;4.5929236;3.8767639
00000014J5;;;;;;;;;;;;;;;;;;;;;;;;;;;;;;;;;;;;;;;;;;;;;2.1350951;2.4890865;2.1151969;1.5824766;0.9425556;2.0468896;2.254264;3.0702423;3.3336038;1.7229595;1.9183881;1.4156809;1.6008209;1.8489225;1.9692786;1.4381165;2.2284506;2.9171709;1.4971889;1.8690621;1.5102648;2.3789353;1.5807609;2.1823679;1.8084006;1.9429535;1.1330082;2.0350455;3.1656158;3.7973946;2.818047;3.3220842;3.4351133;4.4709707;3.6513085;4.0501147;3.7237589;3.5144083;3.1455503;3.8398292;4.3081786;4.8167868;5.6985291;7.718804;8.2251974;7.7908343;8.7887048;9.3575042;9.8395853;9.2493259;8.7447948;7.723156;5.1477164;5.0354995;4.1845833;5.1277425;2.6841829;2.8209703;4.2032246;4.9394028;4.2498884;2.5119693;1.8801763;2.1111074;2.1215459;2.863241;1.9102394;3.4465442;4.2575041;3.4080225;2.9428454;3.242796;1.7611412;2.8380592;1.4014067;2.6959969;3.9382311
00000014V1;;;1.447637;2.027087;1.910343;1.684935;1.335011;2.808809;3.449276;2.289179;2.491896;2.684796;2.746728;2.875412;1.75953;2.068003;1.923331;1.924556;2.201322;2.907448;2.711138;2.273697;2.90001;2.834598;3.722572;3.468813;3.999046;3.158205;2.701561;3.137169;3.218047;2.803294;3.197152;3.605284;4.484234;4.162966;6.24762;5.812998;7.093851;6.226032;6.785768;7.156313;6.452547;5.232413;5.751339;4.225006;4.742209;5.602547;3.925937;4.88189;5.624952;5.105842;6.093468;4.184187;3.32774;4.093403;3.346525;5.043977;3.389582;3.890774;4.280443;3.762843;4.865597;4.919608;3.761614;4.633474;4.1484;4.960846;4.225659;6.647974;3.454879;3.694222;3.186127;4.450601;4.671413;4.540718;4.033128;4.590402;5.541449;4.310904;4.777128;3.971474;5.04928;4.757674;4.660281;5.617116;4.592928;5.354619;5.924031;6.295521;6.63406;6.669095;7.063166;6.952839;6.970648;6.403782;6.409581;4.12705;6.11078;5.977249;5.511561;5.196614;6.120897;5.520414;7.49335;5.265605;5.097657;5.054227;4.76068;4.723044;5.32545;4.084805;3.876895;;;4.793586;4.970323;4.718776;4.887757;3.717008;6.531214
00000015V1;;;4.34823;4.546082;3.992892;4.364092;4.633318;4.559037;4.111717;3.838431;4.048876;4.45085;4.47305;4.519161;4.378068;4.394878;4.076096;4.701943;4.333196;4.673849;4.378568;4.784628;5.315469;5.544714;5.446763;5.16039;5.51777;5.46208;6.236078;5.830844;6.073221;5.923553;5.984772;6.329304;7.308088;7.377845;6.792272;8.39914;7.05802;7.905535;8.054587;7.709115;7.686334;6.838641;7.380901;6.68021;6.684803;5.956712;6.413019;7.622489;6.481544;6.261285;6.753734;6.780681;5.906829;6.247221;5.937281;7.135033;6.89934;6.244393;6.162057;5.868668;6.357249;6.035535;6.124451;6.700992;6.980791;6.529952;6.87423;6.517109;6.322806;7.910573;6.87093;6.46354;7.377672;6.73538;6.817657;6.257386;7.111731;7.627229;7.761072;7.136568;7.649478;7.33101;7.30954;6.73581;6.587423;7.074473;7.35796;7.580367;6.920286;7.601879;7.002891;7.439749;7.83651;6.980532;6.847209;7.349214;6.821204;6.732221;8.026883;6.994222;7.655345;7.028645;7.172121;6.583083;5.885005;6.04841;6.281048;6.734835;6.302772;6.578242;6.327789;6.67981;6.657569;6.971645;6.239107;6.997223;6.916149;6.611215;6.381545
00000016J4;;;3.57703;4.349847;4.220708;4.141609;4.294685;4.031071;4.288924;4.778277;4.014452;4.407269;4.145528;4.762721;3.923817;4.10763;4.917014;5.377399;4.95814;5.099614;5.236616;4.599744;5.260251;5.825048;5.689709;6.180847;6.351024;5.518269;6.001989;6.49099;6.545021;6.211076;5.778525;6.469009;6.085322;6.730848;6.886904;7.97967;7.24453;7.430082;7.454958;7.429547;7.240392;7.362582;7.348006;6.879708;7.656471;7.340178;6.994313;6.67565;7.202824;7.10085;6.887075;8.266779;7.614143;6.523737;7.551409;6.686461;6.11991;6.598012;7.446298;6.630362;6.908864;6.315279;6.947286;6.995149;6.862808;6.463949;7.004403;6.270467;5.983418;7.747327;6.939464;7.424837;7.147403;7.328019;7.213188;6.769266;7.189035;7.454698;6.966913;7.906584;7.461356;7.404981;7.035555;7.050239;7.37517;7.21769;6.828099;6.608252;2.541914;2.93218;2.522696;2.80584;2.707214;2.847883;2.793964;2.619068;2.684538;2.829457;2.769075;2.49792;2.615903;2.226088;2.463785;2.968969;2.70319;2.72824;2.663509;2.82283;2.871166;2.819248;4.537331;4.068001;5.143646;5.590294;5.105782;4.902426;5.304449;4.519735;4.318443
00000016V1;;;2.159844;2.331503;2.216984;2.444587;2.531576;2.203289;2.503191;2.583366;2.32464;2.372736;2.303037;2.480809;2.59873;2.347335;2.63792;2.447534;3.029216;2.753851;2.671816;2.828242;3.210287;3.370656;3.26563;3.331096;3.419183;3.656097;3.69612;3.99822;3.669686;4.340785;4.122994;4.801797;5.423128;5.391609;6.331716;6.385372;7.408083;8.468624;9.105776;8.312125;8.200793;6.837332;6.046988;6.285543;5.265056;5.019486;5.614103;5.964396;5.122968;5.686176;5.335177;4.870705;4.897158;4.959023;5.338745;4.928733;4.735142;5.473297;5.35579;4.988997;4.575622;5.588289;4.995373;6.148415;4.659304;5.465888;4.916396;4.696675;4.312235;5.681366;4.992104;5.976005;5.388484;5.799519;6.148052;7.026308;6.786154;7.043502;5.716962;6.494492;6.082421;6.637581;7.59865;6.984099;8.658531;9.265646;10.761922;11.207206;12.177226;11.261671;11.664661;11.616986;11.574058;9.198863;7.958469;8.345839;6.788881;7.8646;6.480129;6.411113;6.624743;7.07854;8.355862;4.950195;5.254882;5.558675;5.600113;4.091148;6.768195;5.496402;7.27489;6.971652;5.458782;5.368569;6.135709;6.583334;6.624749;4.733911;4.842964
00000017H7;;;;;;;;;;;;;;;;;;;;;;;;;;;;3.480696;2.756448;3.833846;3.070396;6.464642;3.325463;3.094504;3.668132;4.002796;5.096148;4.557109;3.887863;3.941994;4.53117;4.652547;3.723407;3.966587;3.446501;3.134511;3.098297;4.276413;2.96465;3.310407;3.547336;4.24563;4.213343;3.514157;3.15332;3.464091;3.971664;4.284722;3.954771;6.23222;4.510572;3.690262;3.022702;3.444505;3.579265;3.383026;3.543246;3.596032;3.313802;3.759653;3.142631;3.218282;3.367043;4.492434;4.695192;4.19243;5.476972;3.864536;4.601911;4.169739;4.387759;4.372034;4.446675;3.99079;4.223832;4.370643;4.782388;5.068294;5.036081;4.678908;5.154199;4.772615;4.890446;4.52909;5.096782;4.358259;3.920755;4.410534;3.645193;3.559665;4.269228;4.325016;4.402493;4.311353;3.869505;4.104078;3.897584;4.015718;4.193679;4.954337;4.572533;5.251009;4.867845;4.410525;4.914635;4.590708;4.204221;4.55167;4.602168;4.953144;4.705275
00000017V1;;;0.8845686;1.2115354;1.8304876;2.2382118;2.1958279;1.8777817;2.5303229;1.9381178;1.9288591;1.5956668;1.9432625;2.045548;2.2945027;2.3043823;2.731769;2.2502758;2.4358074;2.164082;2.3215036;2.3278708;2.7480199;3.2619872;4.2631535;3.4280392;3.8800748;3.7624499;3.7931863;5.1396362;4.5718842;5.3696084;5.5432655;5.8994335;7.5814688;7.9088532;8.230321;8.9686325;8.4355842;8.0555083;8.2414908;8.1746736;8.2762723;7.5399523;7.1133331;5.8744013;5.7507121;5.4691499;3.9208608;3.2443372;3.6671577;3.5792749;3.1807444;2.6046031;3.4407037;3.2496998;2.700424;3.0130848;3.5666582;3.2342448;3.1667306;2.9812081;2.9862769;3.5246498;2.9935102;2.6161888;2.7776017;3.0995717;2.7198857;2.9149321;3.600257;5.496542;2.7485442;3.777481;4.6685594;4.0621186;4.5431305;5.0145278;5.32056;5.5762058;5.3969092;5.4955032;5.0641372;6.3696401;6.7411157;6.9362005;8.3459328;9.7762632;9.4712175;9.0210806;8.7678491;9.2488694;10.2421233;9.9589555;9.4237906;8.845687;7.3332584;6.0187885;6.0633515;5.7355585;4.7567077;4.7416852;4.2876;4.6595767;4.6811919;3.9492214;3.6335613;2.9185574;3.6541418;4.6144444;5.1652352;4.8234762;4.8456037;4.8972111;4.431216;6.9220948;5.1738336;6.1154471;4.7528369;4.9764067;5.1759956
00000018H1;;;;;;;;;;;;;;;;;;;;;;;;;;;;;;;;;;;;;;;;;;;;;;;;;;;;;;;;;;;;;;;;;;;;4.235417;5.536637;5.240043;5.44398;4.981213;4.986736;4.259703;4.987624;5.2723;4.970132;4.64305;4.919486;5.008168;4.529772;5.292067;5.764922;5.394803;5.960173;5.655145;4.903196;3.609355;4.081322;3.312547;3.902385;4.156292;3.880844;3.996791;3.711651;4.553844;4.253633;4.00866;4.361323;4.134964;3.73309;5.271728;4.030139;4.98495;5.924956;4.45907;5.101454;5.778115;4.858778;5.337215;5.253976;5.636451;7.11241;5.961543;5.352685;6.182465;5.321175;5.345878;6.116376;7.03504;6.21017
00000018H7;;;3.770798;3.545976;4.001178;4.184583;4.168994;4.915241;4.863074;3.665809;3.838739;3.729689;4.750088;3.525702;3.789071;4.255497;3.422118;3.359969;3.654237;3.634754;3.368854;3.803556;4.233868;4.722331;4.663697;4.94256;4.955896;4.791793;4.665384;5.870737;4.831291;5.12321;4.830056;5.647912;5.291415;5.638371;5.508008;6.058616;5.777058;6.114535;6.749916;6.605157;6.258245;5.66727;5.211923;4.783931;4.950368;4.531218;4.904419;5.024132;4.620348;5.13974;5.388285;4.906611;6.172998;6.350764;5.380175;5.643197;4.905828;5.804648;6.27395;5.737759;5.548577;4.79524;5.111302;4.909843;5.33254;6.062756;5.13746;5.331933;5.54314;5.748287;6.561806;5.029764;5.316012;6.584649;6.500417;5.660086;5.632411;6.938045;6.083787;6.178455;6.541062;5.832111;6.567387;6.203774;6.276239;6.466347;6.237996;6.828378;6.406869;6.40615;6.581173;6.416952;6.800898;6.124147;6.061809;6.167961;6.061263;5.680166;6.133023;6.307777;6.152606;6.485294;6.528058;5.741459;2.336442;2.333898;2.271401;2.139938;2.229913;2.561412;2.266975;2.122299;2.099623;2.7128;2.36804;2.123853;3.642072;5.078002;4.671996
00000018J4;;;;;;;;;;;;;;;;;;;;;;;;;;;;;;;;;;;;;;;;;;;;;;;;;;;;;;;;;;;;;;;;;;;;;;;;;;;;;;;;;;;;;;;;;;0.5005217;0.7451438;4.0312381;4.4454694;3.0727017;2.722465;3.0772027;2.0312778;2.1549064;2.1064993;2.1241172;2.8931507;2.130463;1.9244319;2.7207224;2.6245786;1.867231;2.1149491;1.7298499;2.3922447;2.0634739;2.7721928;2.1823567;2.4363267;2.8971584;2.0969203;2.5509627;2.7372096;2.9936428;2.4726956;3.0758994;2.891948
00000019V1;;;2.06121;1.801198;2.219838;2.040074;2.07516;2.358856;2.288867;2.3005;2.401518;2.28853;2.066261;2.446444;2.485271;2.118405;2.517729;2.612807;2.16224;2.599069;2.564686;2.509823;3.074511;4.773707;4.245637;3.916135;4.006916;4.408868;3.723368;5.357842;5.747024;6.472366;6.178006;6.511877;4.980352;8.792542;7.988915;8.279601;9.397021;9.51764;10.440416;10.005874;9.861403;8.377763;7.222355;7.052922;6.783762;5.030558;3.887846;4.331339;4.635953;4.519869;5.307082;3.741671;3.058987;2.056401;2.266835;2.558301;2.798612;2.325536;4.301624;2.355872;2.255951;1.942612;2.866388;2.50152;2.525397;2.923022;2.474756;2.76937;2.761404;3.004707;2.389046;2.739894;3.68899;5.029814;4.764001;5.288784;4.756126;5.505206;5.239986;5.698509;6.007574;6.717081;6.766072;7.520886;8.701576;9.555012;10.46152;10.179151;10.046502;10.336267;6.600449;9.607565;10.34164;8.940632;6.771367;7.013135;5.63998;5.603477;5.605218;5.752734;4.903276;6.134205;4.329875;4.214479;3.982608;2.930403;3.354406;4.509343;3.573623;2.469324;3.305498;4.297551;2.786056;2.920406;5.842991;3.829645;2.299442;6.96834;4.509079
00000020J5;;;0.8423338;0.9169238;0.6185363;0.8061905;0.5557287;0.8674187;1.0026344;0.6870821;0.3939416;0.7867601;0.7070956;0.8123802;0.87954;0.9256079;1.0514512;1.1021572;0.932676;0.5974348;0.8618486;1.0671477;1.5063028;1.9509973;1.77762;1.2265034;1.3384886;0.9016173;0.9997631;2.9008759;1.767756;1.3644771;1.6128645;2.1833159;2.3203871;2.6538148;3.8820123;4.5627845;4.2627973;5.0766805;5.3559654;5.3282509;4.7518667;2.7034169;2.2086566;2.1801449;1.8585377;1.5794876;1.5512646;1.7471451;1.29984;1.7364171;1.9878545;1.2155685;1.3792117;0.8509012;1.0442734;0.7836672;0.6575084;1.0293676;1.5747604;1.2157379;1.1686939;1.9728503;2.1470564;1.875728;2.0491626;2.4979945;2.3256031;2.2508337;1.5700832;2.1156913;2.2469906;2.9777129;3.699944;4.5496963;3.9183491;4.8638454;5.1254817;7.1307248;5.8007546;5.3029093;5.9264715;4.6832456;7.5476175;6.8758303;7.8039013;9.8401278;10.1819216;11.2489456;11.4451913;11.8359976;12.2876219;12.9908937;11.8104791;8.7692136;6.2872062;7.2211583;5.6140222;5.124351;5.6738785;4.9484155;5.1788403;5.7024391;5.552906;3.6534888;3.1020177;3.2443556;2.7225582;2.8520792;2.8417708;4.1159848;5.5689605;4.5221528;1.9610057;;;;3.8818271;6.1027168;7.3524172
00000020V1;;;1.636158;2.269107;2.106014;1.733701;1.785579;1.735438;1.412035;1.63944;2.240245;1.539257;1.841207;1.650374;1.925586;1.841052;1.673705;1.673986;2.027873;1.799989;1.737796;1.775967;1.991025;2.199213;1.879762;1.986485;2.176916;2.107822;1.997063;2.042946;2.169901;1.852302;2.11013;2.356529;2.312182;1.881449;1.939467;2.086706;2.358552;3.376922;3.303922;2.898955;2.787172;3.099078;3.409536;3.029991;2.968042;2.97519;3.089255;2.813805;3.666714;2.877337;2.942679;2.919595;2.924026;3.510387;3.134788;3.422556;3.45505;3.271703;3.169732;2.928489;3.141825;3.217572;3.586555;2.989279;3.025955;2.986391;3.531257;2.581299;2.377749;3.18207;3.105002;2.887445;3.382184;3.277117;3.118896;2.214558;2.659587;3.318206;3.325343;2.849973;3.163598;3.046162;3.278232;3.26125;4.289676;3.598374;3.866831;3.613054;3.958892;3.529234;3.190817;3.414742;3.741174;3.237808;3.000187;3.286439;3.298004;3.308615;3.525969;3.197625;3.653228;3.141188;3.042412;3.419203;3.428451;2.719743;3.625764;3.353026;3.244417;3.409964;3.576134;2.981313;3.225072;3.010073;2.799775;3.353084;3.209996;2.425231;2.821863
00000021D1;;;1.728095;1.680712;1.464867;1.752597;2.095442;3.061635;5.092808;2.415099;2.33159;3.221548;3.257249;3.02187;4.148247;5.361529;5.315516;3.959051;3.495505;3.636134;2.271133;2.507398;3.306438;4.934664;3.397189;3.199827;3.703697;3.748191;2.873183;4.383258;4.297364;4.001125;3.330905;3.250705;4.058965;4.587987;5.782954;5.451141;5.564188;5.364646;6.260901;5.919861;5.175993;4.751611;3.603649;3.696259;4.522568;3.302367;3.309668;3.970081;5.407365;5.356286;5.226678;4.46525;3.418039;4.032209;3.08612;4.25882;3.810983;4.327579;5.584998;5.803325;4.477598;4.252321;4.23216;5.613794;5.614295;5.834642;6.282521;6.075871;5.85099;4.735183;4.060098;4.975343;3.865695;3.479771;2.584419;3.602639;4.017975;5.298429;4.3146;2.606479;3.011615;2.863919;3.117915;3.656554;3.409128;3.997969;5.17492;6.488165;6.043977;7.423582;7.33588;6.53158;6.081227;4.522829;2.924962;2.534854;3.031855;3.054508;2.863932;3.301955;4.417666;4.795417;4.187623;2.545098;2.37241;2.324265;2.088017;2.357502;2.998315;3.797824;7.109779;6.540805;3.142588;3.090664;4.393446;3.887994;2.72587;7.733259;8.020423
00000021V1;;;0.7005559;0.545327;0.4242616;0.6419172;0.816811;0.7199033;0.6116195;0.6144678;0.5272452;0.5976494;0.6409175;0.4887239;0.6038311;0.7030654;0.7123874;0.5817077;0.8682066;0.7001881;0.8032856;0.7097626;1.307468;1.3370592;1.43228;1.0938926;1.2922334;1.3223835;1.2727462;1.7968169;1.6486362;1.3880424;1.1208187;1.4879266;1.3732665;1.5616424;2.0383973;2.7779038;2.6346158;2.685933;3.3730967;3.1969607;3.0140799;2.020029;1.617295;1.5947335;1.532501;1.0922262;1.1494777;1.3430771;1.4506749;1.019929;0.9920736;0.9775845;0.9790901;0.9340151;0.7431119;0.6432204;0.8268836;0.8658588;1.2591798;0.8906927;0.9562043;1.0340497;0.8203459;0.9567948;1.1886494;1.0411003;0.8859752;1.2825467;1.4350244;1.0305365;0.9794574;1.3661373;1.6414591;1.4876221;2.0599978;1.4379336;2.5299982;2.5720989;2.0741175;2.0930875;2.1640349;2.2166994;2.9250516;2.9553823;3.7114379;4.5589684;4.3506457;4.2696994;5.1625725;4.8371779;5.0964351;4.6281738;4.5729093;4.2871872;3.5719043;3.3388326;3.0104072;2.2430934;1.9775087;1.7879261;1.5527778;1.6004211;1.7749456;2.0744186;1.2511174;1.3161207;1.0307873;1.4944322;1.7493307;2.1187323;2.1828784;2.0107028;2.7586273;2.3066286;1.7780147;1.9305215;1.6606058;1.5160203;1.7319871
00000022V1;;;;;;;;;;;;;;;;;;;;;;;;;;;;;;;;;;;;;;;;;;;;;;;;;;;;;;;;;;;;;;;;;;;0.3419126;0.4393981;0.4082859;0.7521894;0.6922179;0.9482673;0.5550513;1.0895131;1.5159105;2.1600949;1.5198491;2.2642374;2.0314569;3.2879203;2.8460298;3.3605291;2.2435318;2.9540902;3.1268212;3.494526;5.8568817;6.5453544;7.2099816;6.8603638;6.0832509;6.8190034;7.2627313;7.9577696;6.3002549;9.5552266;6.016511;6.4847312;6.5435774;5.4364443;4.6525102;2.6960046;2.4488206;3.1133529;2.4042291;1.4354388;1.5386655;2.214871;1.7004203;1.1660182;0.8702508;0.9581148;0.8770529;1.1026664;1.5817902;1.3106429;1.1108649;1.8395744;1.6125095;1.1077765;1.8194265
00000023H7;;;1.279338;1.084882;1.224915;1.434496;1.571104;1.845841;1.441101;1.379867;1.393547;1.905096;1.417244;1.440867;1.504433;1.43373;1.440742;1.651967;1.565991;1.449568;1.424599;1.48697;1.781837;1.863958;1.665935;1.544986;1.505333;1.752195;1.477923;1.774093;2.011333;1.656305;1.665452;1.754909;1.510584;1.915498;1.811763;1.793381;1.826515;2.165306;1.703492;1.93393;1.907777;1.97474;1.952094;2.168323;2.040318;1.990001;1.960853;2.238109;1.980141;2.288604;3.137001;2.470946;2.255494;2.096498;2.087345;2.295364;2.366764;1.896128;1.870807;2.583644;2.003485;1.913668;1.7948;2.491203;1.618277;1.851679;1.662941;1.658875;1.694971;1.740729;1.784167;2.048589;2.269602;1.788207;1.786804;1.725736;2.043644;2.001811;1.877645;1.728809;2.068732;1.744439;1.626557;1.754834;1.895585;1.596978;1.559599;2.629876;2.886914;3.300663;3.013867;3.235312;3.511908;3.057098;2.865901;3.136225;3.166568;3.202471;2.869893;2.866365;3.117224;3.93216;3.321071;3.233758;3.006027;2.932766;3.805861;3.271981;3.00476;2.914392;3.726442;2.994707;2.839162;2.805048;3.260802;3.608708;3.482625;3.35099;4.13392
00000023J5;;;;;;;;;;;2.176895;2.438817;1.867332;2.177474;2.491814;;1.775392;2.838262;2.627497;2.358634;2.504879;2.945236;3.95429;4.546835;4.818866;4.082558;4.233941;3.840685;3.747522;5.369959;5.586145;4.522963;4.574743;4.954514;4.894589;5.947751;7.210334;6.680232;7.529266;6.911365;8.054712;7.386468;7.104101;6.933581;6.179337;5.568965;4.717479;5.061762;9.67692;7.051194;4.484623;7.488934;6.539432;6.294387;7.001638;6.123815;6.343882;6.146215;6.402025;6.297698;8.777604;8.041918;6.092017;6.472698;6.768025;5.348816;5.977462;5.07663;5.305692;5.415204;5.698939;6.087447;5.16896;6.761658;7.137729;7.809876;9.486688;9.627452;9.398544;10.939943;7.688123;7.03406;8.143048;12.417192;17.178197;11.587142;11.975865;17.338108;16.724391;13.835319;13.276029;19.417221;16.527786;15.769763;16.362236;12.104071;13.04344;9.046943;9.394897;10.290441;9.052905;7.882418;11.600932;8.772204;10.827195;12.711514;13.670502;7.918787;14.297007;10.274653;17.535954;7.572997;13.92596;8.951853;8.845763;7.544365;6.819003;8.283736;13.006929;8.943893;9.539777
00000024H7;;;1.887966;1.478714;1.562996;2.113245;1.818491;1.528381;1.53444;2.214137;1.554103;1.570837;1.933043;1.792483;2.162913;1.955842;1.568106;1.567233;1.977404;2.218435;1.969156;1.915791;2.046363;2.491313;1.839041;1.872946;2.809938;2.645023;2.575326;2.382577;2.432695;2.028581;1.980403;2.215186;2.121084;2.122001;2.243131;2.525041;2.6261;2.916845;3.196532;2.852215;3.51731;3.080915;3.180159;3.120875;3.163344;2.852906;3.04035;3.115156;2.748627;2.479394;2.785931;3.42113;2.938754;3.126031;3.435192;3.002312;3.654907;3.319217;2.811136;2.740303;3.672396;3.060925;3.440956;3.220476;3.650149;3.703605;2.857926;3.545186;3.436758;3.597702;3.549531;4.458248;3.985082;3.702344;3.074203;3.608587;4.210905;3.317916;3.604249;3.605515;3.747542;3.87962;4.032674;3.326527;4.092694;4.171856;4.790601;4.077524;4.515059;4.507952;4.5067;4.578463;5.81846;5.106915;5.109775;5.312433;5.305834;4.643664;4.3261;4.625423;5.449291;5.243442;3.738483;5.20936;4.477914;4.76871;4.319178;5.350858;5.158832;4.90937;4.915198;4.747516;4.903868;4.607007;5.128291;5.417862;4.617388;4.51904;4.82591
00000024V1;;;;;;;;;;;;;;;;;;;;;;;;;;;;;;;;;;;;;;;;;;;;;;;;;;;0.6437929;1.0432969;0.7501309;0.5144757;0.7735876;1.0355487;1.4549142;1.331358;0.9602782;1.2282993;1.7187697;2.0834004;1.5187135;1.3620029;1.3173231;0.5883634;1.2197891;1.6587926;1.5697773;2.9237992;1.7956369;1.8398259;1.9351846;2.5302828;2.0722749;1.8901378;2.3997071;3.2825924;3.3206173;3.8618924;2.5504416;3.0647941;4.2121987;3.6818541;3.6685568;3.9416832;5.8418115;5.6111128;6.9905599;7.2317935;8.0453062;8.3289962;12.5772599;10.2612323;7.0868924;6.3118032;4.6949755;3.822749;3.8360371;3.087502;3.6909233;2.4258891;3.5850035;3.4456108;3.5567933;2.6250076;1.5762046;1.9057548;1.8507776;1.8111604;1.9412309;1.8407182;3.1296096;1.7194742;2.3657414;1.9793803;2.3244653;3.041583;2.4298288;2.4538041;2.3217247
00000025H7;;;;;;;;;;;;;;;;;;;;;;;;;;;;;2.815449;5.192226;3.360286;3.472967;3.157396;3.767208;3.802387;4.786069;5.139034;5.013043;4.763086;5.568597;6.126758;5.600008;5.077727;4.449695;3.868114;3.529675;3.662184;3.858602;3.066876;2.785294;4.048407;3.887407;4.352931;2.958484;3.388937;2.969026;3.453651;3.73516;3.705709;5.255156;4.409212;4.374344;3.407671;3.341126;3.512665;4.086459;3.581038;4.032329;5.111258;3.810813;2.883539;3.928201;3.784767;4.111243;4.325616;4.579446;4.50412;4.611;4.976351;5.199425;5.504965;4.828322;4.408017;4.531257;4.727452;4.842907;5.277772;5.65007;5.599923;5.849772;5.558324;6.016771;5.507454;5.703522;5.646612;5.103148;4.436783;5.285555;4.541741;4.768681;4.404426;4.524634;4.902821;5.03137;4.922724;4.496525;4.112624;4.621702;3.841816;4.354999;4.600633;5.277527;5.439975;5.021667;4.797393;3.890957;3.699332;3.896066;4.240375;4.706278;4.671134
00000026J4;;;;;;;;;;;;;;;;;;;;;;;;;;;;;;;;;;;;;;2.063072;;;;;;;;;;;2.53786;2.526533;2.510308;2.621784;5.60115;4.964911;5.517769;5.259904;5.216586;4.993546;4.83272;5.413573;5.478064;5.178437;5.229443;5.118853;5.701666;5.727644;5.645571;5.941811;6.115553;5.606073;5.349695;5.676289;5.791919;6.053108;6.528149;5.738893;4.809463;5.833905;7.116783;7.136024;8.495678;9.454095;7.303731;7.703363;7.696304;8.253737;7.593244;7.99064;8.037405;8.280775;7.934794;8.071908;7.375041;7.573359;7.756196;10.516612;6.580338;7.010744;6.973632;6.383788;6.244204;5.76651;5.903528;6.929483;6.655407;7.282253;7.05538;6.987634;6.897696;8.0912;8.674764;7.096027;7.783438;7.489223;6.427553;7.377719;6.988025;7.118298;7.70311;8.336959;8.707172
00000026V1;;;;;;;;;;;;;;;;;;;;;;;;;;;;;;;;;;;;;;;;;;;;;;;;;;;;;;;;;;;;;;;;;;;;;;;;;;;;;;;;;;;;;;;;;;;;;4.91199386;5.73541478;5.30770227;4.97666936;5.45763567;5.41202432;5.77687347;4.32961502;3.27322726;3.26915345;3.59177318;4.88478174;5.13295155;3.29328913;3.03740928;3.38744218;3.20833024;4.00599313;4.55425638;3.18810931;2.59890859;2.57857502;2.31174485;2.28591172;2.86901419;3.01038967;2.68003157;2.6917731;3.41396855
00000027H1;;;;;;;;;;;;;2.423593;1.519991;;;3.138474;3.170679;3.212254;3.901978;3.314114;3.098033;4.186763;4.219487;4.11542;4.049004;4.129498;3.997458;4.070441;4.456502;4.036696;4.060711;4.33337;4.227056;4.240126;4.040259;4.380035;4.500184;4.591704;3.988436;4.316372;4.351119;4.11923;4.085024;4.457112;4.457006;4.872988;4.701543;4.160616;4.629471;4.399021;4.467616;4.460996;4.638191;5.035571;4.519718;4.986053;5.281954;4.524545;4.935966;5.162457;5.110091;4.771836;4.879742;4.467627;4.821814;4.789428;4.616018;5.169797;4.416372;4.494516;4.670763;4.775183;4.811827;5.168084;4.607725;4.877285;4.745119;6.167516;7.618417;4.818706;5.690325;5.506034;5.587005;5.715409;5.050849;5.581516;6.222615;5.903167;5.113118;4.895353;5.211005;5.271332;5.12653;5.170617;4.965117;5.132273;5.481356;5.220219;5.080187;5.316247;5.130289;5.166733;4.869175;5.196542;5.730524;5.581323;6.652835;5.26258;5.54993;5.609492;4.196961;5.908844;5.428333;4.898273;4.599994;4.312355;4.423117;5.323666;5.005053;5.379655
00000027H7;;;;;;;;;;;;;;;;;;;;;;;;;;;;;3.257484;5.322369;4.438006;4.590264;3.927572;3.915519;5.071404;4.479166;5.699587;4.161553;5.912496;6.197808;6.492584;5.980691;5.567888;4.903735;4.19098;3.429968;3.687074;4.04139;3.420823;3.009664;3.455328;3.78648;3.282755;3.50154;3.352635;4.006788;3.374914;5.592155;3.324185;5.431255;5.890049;5.59953;2.837812;3.261151;4.167266;4.141209;3.747169;3.288197;4.467273;3.611089;4.174107;4.121181;3.529502;4.16868;4.472275;4.346591;4.628274;5.84594;6.584315;6.401426;5.039566;5.57653;4.679494;5.467607;5.071309;4.150154;6.584359;6.628459;6.275101;6.789694;6.302048;6.946085;6.885383;6.761813;6.672936;7.34127;5.14759;4.939478;4.836846;4.436862;4.171646;4.21071;4.103229;4.652;6.184016;4.25863;4.23845;4.653521;4.376813;4.003654;4.247987;5.599944;5.441038;4.65605;3.903009;3.914016;4.737957;4.914763;5.115437;5.118402;5.282204
00000027V1;;;1.5587668;1.072866;0.8492141;1.4203605;1.7684528;1.1794316;1.7048489;0.9662582;0.9728594;1.1978361;1.2156894;1.4576876;0.8527561;1.8027315;1.0229412;1.0159452;0.953926;0.9760092;1.0282185;1.1117597;1.684095;2.5896899;2.2780742;2.1118706;2.3519051;2.2333532;2.2851355;2.9334646;3.0888293;2.7865911;2.9252052;3.4231837;3.8058583;4.3751395;4.6652781;5.2325398;5.7615695;6.6182612;7.292693;7.9171724;7.1584572;5.1195349;4.7025171;4.1394063;3.4262982;3.6912442;3.0089636;2.3608479;2.3140606;2.8809443;2.6090815;3.2841708;2.8901668;1.5441876;1.8165052;1.300158;1.9650968;1.9811663;1.6403222;1.6557015;1.9669528;2.2058112;1.7999049;1.6046821;1.5758486;1.9574567;1.7333233;1.4922861;1.5547279;1.9203792;1.8824523;2.3754114;3.3787962;3.3783753;3.4339731;3.6487142;5.2463258;4.4391784;4.3685038;4.2106771;4.6742214;6.0933883;5.4239066;6.7638117;7.609066;8.3984338;8.2899287;7.8166001;8.8303952;11.6308236;11.4062805;11.7000578;9.9312015;8.2179016;8.157107;6.0050975;4.7185246;5.1242204;5.2733175;4.3180336;3.2885961;4.8978918;6.3115008;2.6086485;2.6260528;3.0328115;2.1148925;2.4137788;2.1887706;2.4992425;2.0071195;2.3057558;1.8971421;3.1840923;2.5485483;2.7354445;2.2202564;2.5157545;2.83907
00000028V1;;;2.356816;2.614518;2.754642;2.847583;2.991646;2.973029;2.46233;2.355211;2.449465;2.630509;2.934731;3.191403;2.813367;2.827745;3.073098;2.921911;3.600303;2.982631;3.159291;3.164507;2.822003;3.625579;3.361505;3.31135;3.538387;3.227934;3.266116;3.614355;4.018653;4.334957;4.486898;4.74331;4.595341;4.670073;4.954949;6.374545;6.069636;6.647309;6.92973;6.872823;6.797362;5.977389;4.732614;4.588939;6.80797;6.097319;4.42288;4.968682;4.96871;5.544793;6.597748;5.055581;4.495705;5.719269;4.933081;6.308114;5.863534;6.082205;5.878111;5.555039;4.745961;5.158087;5.530888;6.059108;5.784672;6.171119;6.116771;5.111307;4.73891;5.935577;5.514884;4.764886;6.98296;5.434229;5.547369;6.116605;6.389243;6.216903;6.521184;6.748597;7.154156;7.598347;6.113399;5.701824;6.883303;7.474348;7.91427;7.21261;7.666941;7.579525;7.847881;8.153743;8.500867;7.962918;6.816423;7.128762;6.882004;6.19614;6.180263;8.714629;6.005682;7.164026;6.717321;6.486667;6.877304;6.772915;6.543161;6.185209;8.086779;6.98757;6.884793;5.537374;4.945346;5.213612;4.934239;6.817948;7.272902;6.61653;6.049962
